{
  "project_info": {
    "project_number": "671490593576",
    "firebase_url": "https://teta-37c0b-default-rtdb.firebaseio.com",
    "project_id": "teta-37c0b",
    "storage_bucket": "teta-37c0b.appspot.com"
  },
  "client": [
    {
      "client_info": {
        "mobilesdk_app_id": "1:671490593576:android:dc531366c70ea996a2361d",
        "android_client_info": {
          "package_name": "com.example.testeeee"
        }
      },
      "oauth_client": [
        {
          "client_id": "671490593576-nufrarq2cvnp7m8gqlb7eg99cslqr239.apps.googleusercontent.com",
          "client_type": 3
        }
      ],
      "api_key": [
        {
          "current_key": "AIzaSyCMRSk9H37vW7q8YEh3L_2M8zjWaKU4ilw"
        }
      ],
      "services": {
        "appinvite_service": {
          "other_platform_oauth_client": [
            {
              "client_id": "671490593576-nufrarq2cvnp7m8gqlb7eg99cslqr239.apps.googleusercontent.com",
              "client_type": 3
            }
          ]
        }
      }
    }
  ],
  "configuration_version": "1"
}